task,mixture,oot,drifted,n_rules,k,miss,pos,hgb_auc,hgb_ll,rand_auc,rand_ll,tfm_auc,tfm_ll,gap_hgb_tfm
0,domain,True,True,0,1,0.0161,0.229,0.653,0.842,0.588,0.668,0.474,0.574,0.179
1,domain,True,True,1,2,0.0137,0.169,0.667,0.606,0.705,0.639,0.512,0.518,0.155
2,domain,True,False,0,1,0.04,0.548,0.522,0.834,0.389,0.707,0.52,0.799,0.002
3,domain,False,False,1,3,0.0061,0.045,0.525,0.664,0.872,0.64,0.5,0.387,0.025
4,domain,False,False,1,2,0.014,0.056,0.69,0.42,0.473,0.695,0.386,0.405,0.304
5,domain,False,False,0,2,0.021,0.476,0.631,1.027,0.508,0.691,0.472,0.743,0.159
6,domain,False,False,2,1,0.0014,0.029,0.082,0.751,0.776,0.655,0.541,0.349,-0.459
7,domain,False,False,2,3,0.0095,0.177,0.795,0.713,0.284,0.664,0.545,0.443,0.25
8,domain,True,False,1,1,0.0035,0.145,0.643,0.791,0.515,0.659,0.5,0.48,0.143
9,domain,False,False,1,3,0.0174,0.388,0.811,0.602,0.726,0.662,0.417,0.668,0.394
10,domain,False,False,1,2,0.0148,0.045,0.245,0.461,0.633,0.669,0.51,0.349,-0.265
11,domain,False,False,0,3,0.0269,0.279,0.821,0.484,0.538,0.678,0.514,0.593,0.307
