run,source,status,steps,loss_first50,loss_last100,australian_credit_ll,australian_credit_auc,credit_approval_ll,credit_approval_auc,polish_bankruptcy_ll,polish_bankruptcy_auc
prior0p0_seed0_SMALL_100x50,local,done,2500,0.6782,0.5898,0.7555,0.5233,0.8637,0.4814,0.357,0.5586
prior0p0_seed1_SMALL_100x50,local,done,2500,0.6852,0.5899,0.7514,0.5072,0.8569,0.4537,0.3626,0.418
prior0p0_seed2_SMALL_100x50,local,done,2500,0.6943,0.5912,0.752,0.5158,0.8581,0.4597,0.3617,0.4746
prior0p25_seed0_SMALL_100x50,local,incomplete-no-final-pt,,,,,,,,,
prior0p25_seed0_SMALL_100x50,molab-RTX-PRO-6000,done,2500,0.6779,0.5756,0.765,0.467,0.88,0.553,0.344,0.521
prior0p25_seed1_SMALL_100x50,local,done,3603,0.6789,0.5738,0.7659,0.4979,0.8805,0.494,0.3438,0.5161
prior0p25_seed2_SMALL_100x50,local,done,2500,0.676,0.5743,0.7657,0.4399,0.8803,0.5208,0.3439,0.4702
prior0p5_seed0_SMALL_100x50,local,done,2500,0.6667,0.5613,0.7781,0.509,0.8999,0.4883,0.33,0.5026
prior0p5_seed1_SMALL_100x50,local,incomplete-no-final-pt,,,,,,,,,
prior0p5_seed1_SMALL_100x50,molab-RTX-PRO-6000,done,2500,0.6702,0.5601,0.778,0.5,0.9,0.498,0.33,0.479
prior0p5_seed2_SMALL_100x50,molab-RTX-PRO-6000,done,2500,0.6537,0.5592,0.779,0.478,0.901,0.441,0.329,0.507
prior0p75_seed0_SMALL_100x50,molab-RTX-PRO-6000,done,2500,0.6303,0.5426,0.795,0.509,0.926,0.5,0.313,0.516
prior0p75_seed1_SMALL_100x50,molab-RTX-PRO-6000,done,2500,0.6555,0.5449,0.768,0.5,0.884,0.5,0.341,0.462
prior0p75_seed2_SMALL_100x50,molab-RTX-PRO-6000,done,2500,0.6481,0.5416,0.797,0.508,0.929,0.506,0.312,0.486
prior1p0_seed0_SMALL_100x50,molab-RTX-PRO-6000,done,2500,0.6168,0.5303,0.811,0.546,0.949,0.459,0.3,0.495
prior1p0_seed1_SMALL_100x50,molab-RTX-PRO-6000,done,2500,0.6457,0.528,0.809,0.492,0.948,0.5,0.301,0.478
prior1p0_seed2_SMALL_100x50,molab-RTX-PRO-6000,done,2500,0.6556,0.5247,0.814,0.491,0.954,0.506,0.298,0.392
