model,dataset,size,metric,mean,ci_lo,ci_hi,n,rank,norm
hgb,australian_credit,256,brier,0.0385,0.032,0.045,2,2.0,0.948717948717949
lightgbm,australian_credit,256,brier,0.0459,0.0404,0.0514,2,4.0,0.0
tabiclv2,australian_credit,256,brier,0.0381,0.0299,0.0464,2,1.0,1.0
woe_logreg,australian_credit,256,brier,0.0387,0.0318,0.0455,2,3.0,0.9230769230769236
hgb,australian_credit,256,ece,0.044,0.0181,0.0699,2,3.0,0.4537815126050422
lightgbm,australian_credit,256,ece,0.0494,0.0447,0.0541,2,4.0,0.0
tabiclv2,australian_credit,256,ece,0.0375,0.0258,0.0493,2,1.0,1.0
woe_logreg,australian_credit,256,ece,0.0435,0.0415,0.0456,2,2.0,0.4957983193277313
hgb,australian_credit,256,log_loss,0.1482,0.117,0.1793,2,3.0,0.8895582329317269
lightgbm,australian_credit,256,log_loss,0.1925,0.1662,0.2189,2,4.0,0.0
tabiclv2,australian_credit,256,log_loss,0.1432,0.1065,0.1798,2,2.0,0.9899598393574297
woe_logreg,australian_credit,256,log_loss,0.1427,0.1218,0.1637,2,1.0,1.0
hgb,australian_credit,256,roc_auc,0.9843,0.9776,0.9911,2,4.0,0.0
lightgbm,australian_credit,256,roc_auc,0.9868,0.9845,0.9891,2,3.0,0.5434782608695721
tabiclv2,australian_credit,256,roc_auc,0.9872,0.9811,0.9933,2,2.0,0.630434782608692
woe_logreg,australian_credit,256,roc_auc,0.9889,0.9842,0.9937,2,1.0,1.0
hgb,australian_credit,1000,brier,0.0308,0.0299,0.0318,2,3.0,0.48809523809523797
lightgbm,australian_credit,1000,brier,0.0349,0.0318,0.038,2,4.0,0.0
tabiclv2,australian_credit,1000,brier,0.0265,0.0241,0.0289,2,1.0,1.0
woe_logreg,australian_credit,1000,brier,0.0307,0.0294,0.0321,2,2.0,0.4999999999999998
hgb,australian_credit,1000,ece,0.0292,0.0289,0.0294,2,2.0,0.6494845360824741
lightgbm,australian_credit,1000,ece,0.0355,0.0343,0.0366,2,4.0,0.0
tabiclv2,australian_credit,1000,ece,0.0258,0.0217,0.03,2,1.0,1.0
woe_logreg,australian_credit,1000,ece,0.0325,0.0274,0.0376,2,3.0,0.3092783505154636
hgb,australian_credit,1000,log_loss,0.1214,0.1193,0.1234,2,3.0,0.8506711409395974
lightgbm,australian_credit,1000,log_loss,0.2228,0.2198,0.2258,2,4.0,0.0
tabiclv2,australian_credit,1000,log_loss,0.1036,0.0995,0.1078,2,1.0,1.0
woe_logreg,australian_credit,1000,log_loss,0.1152,0.1132,0.1171,2,2.0,0.9026845637583892
hgb,australian_credit,1000,roc_auc,0.9879,0.9877,0.988,2,4.0,0.0
lightgbm,australian_credit,1000,roc_auc,0.988,0.9874,0.9886,2,3.0,0.02439024390243638
tabiclv2,australian_credit,1000,roc_auc,0.9919,0.9918,0.9921,2,2.0,0.9756097560975636
woe_logreg,australian_credit,1000,roc_auc,0.992,0.9909,0.9931,2,1.0,1.0
hgb,credit_approval,256,brier,0.1262,0.1108,0.1417,2,1.0,1.0
lightgbm,credit_approval,256,brier,0.1665,0.157,0.1761,2,4.0,0.0
tabiclv2,credit_approval,256,brier,0.1286,0.1099,0.1473,2,2.0,0.9404466501240698
woe_logreg,credit_approval,256,brier,0.1402,0.1313,0.1492,2,3.0,0.6526054590570723
hgb,credit_approval,256,ece,0.0986,0.091,0.1063,2,1.0,1.0
lightgbm,credit_approval,256,ece,0.1831,0.1774,0.1888,2,4.0,0.0
tabiclv2,credit_approval,256,ece,0.1139,0.0975,0.1302,2,2.0,0.8189349112426035
woe_logreg,credit_approval,256,ece,0.1198,0.1059,0.1337,2,3.0,0.7491124260355029
hgb,credit_approval,256,log_loss,0.4247,0.3785,0.4709,2,1.0,1.0
lightgbm,credit_approval,256,log_loss,0.9696,0.8611,1.0781,2,4.0,0.0
tabiclv2,credit_approval,256,log_loss,0.4402,0.3946,0.4859,2,2.0,0.9715544136538817
woe_logreg,credit_approval,256,log_loss,0.4676,0.4291,0.5061,2,3.0,0.9212699577904203
hgb,credit_approval,256,roc_auc,0.8689,0.8416,0.8962,2,2.0,0.6340425531914914
lightgbm,credit_approval,256,roc_auc,0.8599,0.8596,0.8603,2,3.0,0.2510638297872351
tabiclv2,credit_approval,256,roc_auc,0.8775,0.8631,0.892,2,1.0,1.0
woe_logreg,credit_approval,256,roc_auc,0.854,0.8355,0.8725,2,4.0,0.0
hgb,credit_approval,1000,brier,0.1306,0.1126,0.1487,2,2.0,0.9371584699453552
lightgbm,credit_approval,1000,brier,0.1649,0.1594,0.1705,2,4.0,0.0
tabiclv2,credit_approval,1000,brier,0.1283,0.1101,0.1465,2,1.0,1.0
woe_logreg,credit_approval,1000,brier,0.1399,0.1313,0.1485,2,3.0,0.6830601092896175
hgb,credit_approval,1000,ece,0.0933,0.0919,0.0947,2,1.0,1.0
lightgbm,credit_approval,1000,ece,0.1742,0.1664,0.182,2,4.0,0.0
tabiclv2,credit_approval,1000,ece,0.0972,0.0849,0.1095,2,2.0,0.9517923362175525
woe_logreg,credit_approval,1000,ece,0.1205,0.1065,0.1344,2,3.0,0.6637824474660073
hgb,credit_approval,1000,log_loss,0.435,0.3796,0.4904,2,1.0,1.0
lightgbm,credit_approval,1000,log_loss,0.969,0.8894,1.0486,2,4.0,0.0
tabiclv2,credit_approval,1000,log_loss,0.4388,0.3956,0.4821,2,2.0,0.9928838951310861
woe_logreg,credit_approval,1000,log_loss,0.4675,0.4298,0.5053,2,3.0,0.939138576779026
hgb,credit_approval,1000,roc_auc,0.8587,0.8272,0.8902,2,3.0,0.23193916349809873
lightgbm,credit_approval,1000,roc_auc,0.8593,0.8564,0.8622,2,2.0,0.25475285171102396
tabiclv2,credit_approval,1000,roc_auc,0.8789,0.8655,0.8923,2,1.0,1.0
woe_logreg,credit_approval,1000,roc_auc,0.8526,0.8348,0.8704,2,4.0,0.0
hgb,german_credit,256,brier,0.1743,0.1716,0.177,2,3.0,0.5152542372881354
lightgbm,german_credit,256,brier,0.1895,0.1889,0.19,2,4.0,0.0
tabiclv2,german_credit,256,brier,0.16,0.1583,0.1617,2,1.0,1.0
woe_logreg,german_credit,256,brier,0.1689,0.161,0.1768,2,2.0,0.698305084745763
hgb,german_credit,256,ece,0.0504,0.0503,0.0505,2,1.0,1.0
lightgbm,german_credit,256,ece,0.1581,0.1488,0.1674,2,4.0,0.0
tabiclv2,german_credit,256,ece,0.0664,0.0603,0.0725,2,2.0,0.851439182915506
woe_logreg,german_credit,256,ece,0.078,0.0604,0.0956,2,3.0,0.7437325905292479
hgb,german_credit,256,log_loss,0.5232,0.5156,0.5308,2,3.0,0.8460184777826661
lightgbm,german_credit,256,log_loss,0.7155,0.6925,0.7385,2,4.0,0.0
tabiclv2,german_credit,256,log_loss,0.4882,0.4848,0.4916,2,1.0,1.0
woe_logreg,german_credit,256,log_loss,0.5123,0.4867,0.5379,2,2.0,0.8939727232732074
hgb,german_credit,256,roc_auc,0.7638,0.7584,0.7693,2,4.0,0.0
lightgbm,german_credit,256,roc_auc,0.7715,0.7648,0.7781,2,3.0,0.22647058823529256
tabiclv2,german_credit,256,roc_auc,0.7978,0.7884,0.8072,2,1.0,1.0
woe_logreg,german_credit,256,roc_auc,0.7871,0.7749,0.7993,2,2.0,0.68529411764706
hgb,german_credit,1000,brier,0.1595,0.155,0.164,2,3.0,0.7091836734693873
lightgbm,german_credit,1000,brier,0.1734,0.1695,0.1773,2,4.0,0.0
tabiclv2,german_credit,1000,brier,0.1538,0.1505,0.157,2,1.0,1.0
woe_logreg,german_credit,1000,brier,0.1539,0.1486,0.1592,2,2.0,0.9948979591836726
hgb,german_credit,1000,ece,0.0604,0.0586,0.0623,2,2.0,0.9539551357733174
lightgbm,german_credit,1000,ece,0.1412,0.1356,0.1468,2,4.0,0.0
tabiclv2,german_credit,1000,ece,0.0565,0.0513,0.0617,2,1.0,1.0
woe_logreg,german_credit,1000,ece,0.0691,0.0676,0.0707,2,3.0,0.8512396694214875
hgb,german_credit,1000,log_loss,0.482,0.4702,0.4938,2,3.0,0.9215867158671588
lightgbm,german_credit,1000,log_loss,0.6818,0.6576,0.7059,2,4.0,0.0
tabiclv2,german_credit,1000,log_loss,0.465,0.455,0.475,2,1.0,1.0
woe_logreg,german_credit,1000,log_loss,0.4656,0.4514,0.4798,2,2.0,0.9972324723247233
hgb,german_credit,1000,roc_auc,0.7989,0.7878,0.8101,2,4.0,0.0
lightgbm,german_credit,1000,roc_auc,0.8064,0.804,0.8088,2,3.0,0.294117647058822
tabiclv2,german_credit,1000,roc_auc,0.8228,0.8147,0.8308,2,2.0,0.9372549019607824
woe_logreg,german_credit,1000,roc_auc,0.8244,0.8124,0.8364,2,1.0,1.0
